"id","name","code","user_type_id/id","chart_template_id/id","reconcile"
"am_1111_fixed_assets","Buildings","201111","account.data_account_type_fixed_assets","l10n_armenia.l10nam_chart_template","True"
"am_1112_fixed_assets","Structures","201112","account.data_account_type_fixed_assets","l10n_armenia.l10nam_chart_template","True"
"am_1113_fixed_assets","Transmission devices","201113","account.data_account_type_fixed_assets","l10n_armenia.l10nam_chart_template","True"
"am_1114_fixed_assets","Machinery and equipment","201114","account.data_account_type_fixed_assets","l10n_armenia.l10nam_chart_template","True"
"am_1115_fixed_assets","Vehicles","201115","account.data_account_type_fixed_assets","l10n_armenia.l10nam_chart_template","True"
"am_1116_fixed_assets","Production property, economic property, tools","201116","account.data_account_type_fixed_assets","l10n_armenia.l10nam_chart_template","True"
"am_1119_fixed_assets","Other fixed assets","201119","account.data_account_type_fixed_assets","l10n_armenia.l10nam_chart_template","True"
"am_1121_fixed_assets","Depreciation of buildings","201121","account.data_account_type_fixed_assets","l10n_armenia.l10nam_chart_template","True"
"am_1122_fixed_assets","Depreciation of structures","201122","account.data_account_type_fixed_assets","l10n_armenia.l10nam_chart_template","True"
"am_1123_fixed_assets","Gear wear","201123","account.data_account_type_fixed_assets","l10n_armenia.l10nam_chart_template","True"
"am_1124_fixed_assets","Depreciation of machinery and equipment","201124","account.data_account_type_fixed_assets","l10n_armenia.l10nam_chart_template","True"
"am_1125_fixed_assets","Depreciation of vehicles","201125","account.data_account_type_fixed_assets","l10n_armenia.l10nam_chart_template","True"
"am_1126_fixed_assets","Depreciation of production property, economic property, tools","201126","account.data_account_type_fixed_assets","l10n_armenia.l10nam_chart_template","True"
"am_1129_fixed_assets","Depreciation of other fixed assets","201129","account.data_account_type_fixed_assets","l10n_armenia.l10nam_chart_template","True"
"am_1151_fixed_assets","Land plots","201151","account.data_account_type_fixed_assets","l10n_armenia.l10nam_chart_template","True"
"am_1161_fixed_assets","Orchards","201161","account.data_account_type_fixed_assets","l10n_armenia.l10nam_chart_template","True"
"am_1162_fixed_assets","Plantation trees","201162","account.data_account_type_fixed_assets","l10n_armenia.l10nam_chart_template","True"
"am_1163_fixed_assets","Shrubs","201163","account.data_account_type_fixed_assets","l10n_armenia.l10nam_chart_template","True"
"am_1164_fixed_assets","Vines","201164","account.data_account_type_fixed_assets","l10n_armenia.l10nam_chart_template","True"
"am_1165_fixed_assets","Dairy herd","201165","account.data_account_type_fixed_assets","l10n_armenia.l10nam_chart_template","True"
"am_1166_fixed_assets","Livestock","201166","account.data_account_type_fixed_assets","l10n_armenia.l10nam_chart_template","True"
"am_1171_fixed_assets","Depreciation of Orchards","201171","account.data_account_type_fixed_assets","l10n_armenia.l10nam_chart_template","True"
"am_1172_fixed_assets","Wear of the plantation trees","201172","account.data_account_type_fixed_assets","l10n_armenia.l10nam_chart_template","True"
"am_1173_fixed_assets","Bushing wear","201173","account.data_account_type_fixed_assets","l10n_armenia.l10nam_chart_template","True"
"am_1174_fixed_assets","Depreciation of the vines","201174","account.data_account_type_fixed_assets","l10n_armenia.l10nam_chart_template","True"
"am_1175_fixed_assets","Dairy herd attrition","201175","account.data_account_type_fixed_assets","l10n_armenia.l10nam_chart_template","True"
"am_1176_fixed_assets","Depreciation of livestock","201176","account.data_account_type_fixed_assets","l10n_armenia.l10nam_chart_template","True"
"am_1181_fixed_assets","Buildings not available for use","201181","account.data_account_type_fixed_assets","l10n_armenia.l10nam_chart_template","True"
"am_1182_fixed_assets","Structures not available for use","201182","account.data_account_type_fixed_assets","l10n_armenia.l10nam_chart_template","True"
"am_1183_fixed_assets","Transmission facilities not available for use","201183","account.data_account_type_fixed_assets","l10n_armenia.l10nam_chart_template","True"
"am_1184_fixed_assets","Machines and equipment not available for use","201184","account.data_account_type_fixed_assets","l10n_armenia.l10nam_chart_template","True"
"am_1185_fixed_assets","Vehicles not available for use","201185","account.data_account_type_fixed_assets","l10n_armenia.l10nam_chart_template","True"
"am_1186_fixed_assets","Production property, economic property, tools not available for use","201186","account.data_account_type_fixed_assets","l10n_armenia.l10nam_chart_template","True"
"am_1189_fixed_assets","Other fixed assets not available for use","201189","account.data_account_type_fixed_assets","l10n_armenia.l10nam_chart_template","True"
"am_1191_fixed_assets","Fixed assets received under finance lease","201191","account.data_account_type_fixed_assets","l10n_armenia.l10nam_chart_template","True"
"am_1211_fixed_assets","Depreciation of fixed assets received under finance lease","201211","account.data_account_type_fixed_assets","l10n_armenia.l10nam_chart_template","True"
"am_1221_fixed_assets","Investment property","201221","account.data_account_type_fixed_assets","l10n_armenia.l10nam_chart_template","True"
"am_1231_fixed_assets"," Depreciation of investment property accounted for at cost","201231","account.data_account_type_fixed_assets","l10n_armenia.l10nam_chart_template","True"
"am_1241_fixed_assets","Depreciation of fixed assets","201241","account.data_account_type_fixed_assets","l10n_armenia.l10nam_chart_template","True"
"am_1242_fixed_assets","Depreciation of lands","201242","account.data_account_type_fixed_assets","l10n_armenia.l10nam_chart_template","True"
"am_1243_fixed_assets","Impairment of biological assets","201243","account.data_account_type_fixed_assets","l10n_armenia.l10nam_chart_template","True"
"am_1244_fixed_assets","Depreciation of unfinished non-current tangible assets","201244","account.data_account_type_fixed_assets","l10n_armenia.l10nam_chart_template","True"
"am_1245_fixed_assets","Depreciation of fixed assets received under finance lease","201245  ","account.data_account_type_fixed_assets","l10n_armenia.l10nam_chart_template","True"
"am_1246_fixed_assets","Depreciation of investment property","201246","account.data_account_type_fixed_assets","l10n_armenia.l10nam_chart_template","True"
"am_1311_non_current_assets","Brand Names","201311","account.data_account_type_non_current_assets","l10n_armenia.l10nam_chart_template","True"
"am_1312_non_current_assets","Publication names","201312","account.data_account_type_non_current_assets","l10n_armenia.l10nam_chart_template","True"
"am_1313_non_current_assets","Computer programs","201313","account.data_account_type_non_current_assets","l10n_armenia.l10nam_chart_template","True"
"am_1314_non_current_assets","Licenses and credentials (franchises)","201314","account.data_account_type_non_current_assets","l10n_armenia.l10nam_chart_template","True"
"am_1315_non_current_assets","Copyrights","201315","account.data_account_type_non_current_assets","l10n_armenia.l10nam_chart_template","True"
"am_1316_non_current_assets","Patents","201316","account.data_account_type_non_current_assets","l10n_armenia.l10nam_chart_template","True"
"am_1317_non_current_assets","Rights to provide and operate services","201317","account.data_account_type_non_current_assets","l10n_armenia.l10nam_chart_template","True"
"am_1318_non_current_assets","Formulas, models, projects, recipes, and samples","201318","account.data_account_type_non_current_assets","l10n_armenia.l10nam_chart_template","True"
"am_1319_non_current_assets","Other intangible assets","201319","account.data_account_type_non_current_assets","l10n_armenia.l10nam_chart_template","True"
"am_1321_non_current_assets","Amortization of trade names","201321","account.data_account_type_non_current_assets","l10n_armenia.l10nam_chart_template","True"
"am_1322_non_current_assets","Amortization of Publication Names","201322","account.data_account_type_non_current_assets","l10n_armenia.l10nam_chart_template","True"
"am_1323_non_current_assets","Depreciation of computer software","201323","account.data_account_type_non_current_assets","l10n_armenia.l10nam_chart_template","True"
"am_1324_non_current_assets","Amortization of licenses and credentials (franchises).","201324","account.data_account_type_non_current_assets","l10n_armenia.l10nam_chart_template","True"
"am_1325_non_current_assets","Amortization of copyrights","201325","account.data_account_type_non_current_assets","l10n_armenia.l10nam_chart_template","True"
"am_1326_non_current_assets","Amortization of patents","201326","account.data_account_type_non_current_assets","l10n_armenia.l10nam_chart_template","True"
"am_1327_non_current_assets","Amortization of service and operating rights","201327","account.data_account_type_non_current_assets","l10n_armenia.l10nam_chart_template","True"
"am_1328_non_current_assets","Depreciation of formulas, models, designs, recipes and test samples","201328","account.data_account_type_non_current_assets","l10n_armenia.l10nam_chart_template","True"
"am_1329_non_current_assets","Amortization of other intangible assets","201329","account.data_account_type_non_current_assets","l10n_armenia.l10nam_chart_template","True"
"am_1341_non_current_assets","Goodwill","201341","account.data_account_type_non_current_assets","l10n_armenia.l10nam_chart_template","True"
"am_1351_non_current_assets","Amortization of goodwill","201351","account.data_account_type_non_current_assets","l10n_armenia.l10nam_chart_template","True"
"am_1361_non_current_assets","Impairment of intangible assets","201361","account.data_account_type_non_current_assets","l10n_armenia.l10nam_chart_template","True"
"am_1363_non_current_assets","Impairment of goodwill","201363","account.data_account_type_non_current_assets","l10n_armenia.l10nam_chart_template","True"
"am_1411_non_current_assets","Non-current investments in the authorized capital of unrelated organizations accounted for at cost","201411","account.data_account_type_non_current_assets","l10n_armenia.l10nam_chart_template","True"
"am_1412_non_current_assets","Non-current investments in the authorized capital of unrelated entities accounted for at fair value","201412","account.data_account_type_non_current_assets","l10n_armenia.l10nam_chart_template","True"
"am_1421_non_current_assets","Investments accounted for on the basis of cost in the authorized capital of related organizations","201421","account.data_account_type_non_current_assets","l10n_armenia.l10nam_chart_template","True"
"am_1422_non_current_assets","Investments in authorized capital of associated entities accounted for at fair value","201422","account.data_account_type_non_current_assets","l10n_armenia.l10nam_chart_template","True"
"am_1423_non_current_assets","Investments accounted for by the equity method in the authorized capital of related organizations","201423","account.data_account_type_non_current_assets","l10n_armenia.l10nam_chart_template","True"
"am_1431_non_current_assets","Gross receipts from long-term borrowings","201431","account.data_account_type_non_current_assets","l10n_armenia.l10nam_chart_template","True"
"am_1441_non_current_assets","Gross receipts from long-term investments in other debt instruments ","201441","account.data_account_type_non_current_assets","l10n_armenia.l10nam_chart_template","True"
"am_1461_non_current_assets","Gross receivables from finance leases","201461","account.data_account_type_non_current_assets","l10n_armenia.l10nam_chart_template","True"
"am_1471_non_current_assets","Unearned financial income on long-term loans","201471","account.data_account_type_non_current_assets","l10n_armenia.l10nam_chart_template","True"
"am_1472_non_current_assets","Unearned financial income on long-term investments in other debt instruments","201472","account.data_account_type_non_current_assets","l10n_armenia.l10nam_chart_template"
"am_1473_non_current_assets","Unearned financial income on financial lease","201473","account.data_account_type_non_current_assets","l10n_armenia.l10nam_chart_template","True"
"am_1481_non_current_assets","Non-current financial assets intended as a hedging instrument","201481","account.data_account_type_non_current_assets","l10n_armenia.l10nam_chart_template","True"
"am_1491_non_current_assets","Impairment of non-current investments in authorized capital of unrelated entities","201491","account.data_account_type_non_current_assets","l10n_armenia.l10nam_chart_template","True"
"am_1492_non_current_assets","Impairment of investments in authorized capital of related entities","201492","account.data_account_type_non_current_assets","l10n_armenia.l10nam_chart_template","True"
"am_1493_non_current_assets","Uncollectibility of long-term loans","201493","account.data_account_type_non_current_assets","l10n_armenia.l10nam_chart_template","True"
"am_1494_non_current_assets","Impairment of investments in other debt instruments","201494","account.data_account_type_non_current_assets","l10n_armenia.l10nam_chart_template","True"
"am_1495_non_current_assets","Impairment of loan obligations (non-repayable on a net basis).","201495","account.data_account_type_non_current_assets","l10n_armenia.l10nam_chart_template","True"
"am_1496_non_current_assets","Uncollectibility of gross receivables under finance leases","201496","account.data_account_type_non_current_assets","l10n_armenia.l10nam_chart_template","True"
"am_1511_non_current_assets","Deferred tax assets","201511","account.data_account_type_non_current_assets","l10n_armenia.l10nam_chart_template","True"
"am_1521_non_current_assets","Advance payments to acquire non-current assets","201521","account.data_account_type_non_current_assets","l10n_armenia.l10nam_chart_template","True"
"am_1531_non_current_assets","Assets of defined benefit plans","201531","account.data_account_type_non_current_assets","l10n_armenia.l10nam_chart_template","True"
"am_1541_non_current_assets","Non-current assets for deferred expenses","201541","account.data_account_type_non_current_assets","l10n_armenia.l10nam_chart_template","True"
"am_1551_non_current_assets","Amortization of non-current assets for deferred costs","201551","account.data_account_type_non_current_assets","l10n_armenia.l10nam_chart_template","True"
"am_1561_non_current_assets","Acquisition of entrepreneurial activity","201561","account.data_account_type_non_current_assets","l10n_armenia.l10nam_chart_template","True"
"am_2111_current_assets","Raw materials","202111","account.data_account_type_current_assets","l10n_armenia.l10nam_chart_template","True"
"am_2112_current_assets","Purchased semi-finished products, accessory buildings, and details","202112","account.data_account_type_current_assets","l10n_armenia.l10nam_chart_template","True"
"am_2113_current_assets","Fuel","202113","account.data_account_type_current_assets","l10n_armenia.l10nam_chart_template","True"
"am_2114_current_assets","Containers","202114","account.data_account_type_current_assets","l10n_armenia.l10nam_chart_template","True"
"am_2115_current_assets","Spare parts","202115","account.data_account_type_current_assets","l10n_armenia.l10nam_chart_template","True"
"am_2116_current_assets","Building materials","202116","account.data_account_type_current_assets","l10n_armenia.l10nam_chart_template","True"
"am_2117_current_assets","Materials of agricultural significance","202117","account.data_account_type_current_assets","l10n_armenia.l10nam_chart_template","True"
"am_2118_current_assets","Materials submitted for recycling","202118","account.data_account_type_current_assets","l10n_armenia.l10nam_chart_template","True"
"am_2119_current_assets","Other materials","202119","account.data_account_type_current_assets","l10n_armenia.l10nam_chart_template","True"
"am_2121_current_assets","Expendable biological assets","202121","account.data_account_type_current_assets","l10n_armenia.l10nam_chart_template","True"
"am_2141_current_assets","Unfinished production on the product line","202141","account.data_account_type_current_assets","l10n_armenia.l10nam_chart_template","True"
"am_2142_current_assets","Unfinished works in the manufacturing","202142","account.data_account_type_current_assets","l10n_armenia.l10nam_chart_template","True"
"am_2143_current_assets","Unfinished service works","202143","account.data_account_type_current_assets","l10n_armenia.l10nam_chart_template","True"
"am_2144_current_assets","Unfinished production in auxiliary lines","202144","account.data_account_type_current_assets","l10n_armenia.l10nam_chart_template","True"
"am_2151_current_assets","Finished production","202151","account.data_account_type_current_assets","l10n_armenia.l10nam_chart_template","True"
"am_2152_current_assets","Self-produced semi-finished products","202152","account.data_account_type_current_assets","l10n_armenia.l10nam_chart_template","True"
"am_2153_current_assets","Products offered for sale on consignment and commission basis","202153","account.data_account_type_current_assets","l10n_armenia.l10nam_chart_template","True"
"am_2154_current_assets","Delivered products","202154","account.data_account_type_current_assets","l10n_armenia.l10nam_chart_template","True"
"am_2161_current_assets","Products in stock","202161","account.data_account_type_current_assets","l10n_armenia.l10nam_chart_template","True"
"am_2162_current_assets","Products in retail trade","202162","account.data_account_type_current_assets","l10n_armenia.l10nam_chart_template","True"
"am_2163_current_assets","Containers and Containers","202163","account.data_account_type_current_assets","l10n_armenia.l10nam_chart_template","True"
"am_2164_current_assets","Goods offered for sale on consignment and commission basis","202164","account.data_account_type_current_assets","l10n_armenia.l10nam_chart_template","True"
"am_2165_current_assets","Items shipped","202165","account.data_account_type_current_assets","l10n_armenia.l10nam_chart_template","True"
"am_2166_current_assets","Other products","202166","account.data_account_type_current_assets","l10n_armenia.l10nam_chart_template","True"
"am_2171_current_assets","Commercial Extra","202171","account.data_account_type_current_assets","l10n_armenia.l10nam_chart_template","True"
"am_2172_current_assets","Value added tax","202172","account.data_account_type_current_assets","l10n_armenia.l10nam_chart_template","True"
"am_2173_current_assets","Excise tax","202173","account.data_account_type_current_assets","l10n_armenia.l10nam_chart_template","True"
"am_2181_current_assets","Decrease in value of materials","202181","account.data_account_type_current_assets","l10n_armenia.l10nam_chart_template","True"
"am_2184_current_assets","Decreasing the cost of unfinished products","202184","account.data_account_type_current_assets","l10n_armenia.l10nam_chart_template","True"
"am_2185_current_assets","Decrease in product value","202185","account.data_account_type_current_assets","l10n_armenia.l10nam_chart_template","True"
"am_2186_current_assets","Depreciation of goods","202186","account.data_account_type_current_assets","l10n_armenia.l10nam_chart_template","True"
"am_2211_receivable","Accounts receivable for sales of production","202211","account.data_account_type_receivable","l10n_armenia.l10nam_chart_template","True"
"am_2212_receivable","Receivables for rendered services and performed works","202212","account.data_account_type_receivable","l10n_armenia.l10nam_chart_template","True"
"am_2213_receivable","Accounts receivable for sales of other inventory","202213","account.data_account_type_receivable","l10n_armenia.l10nam_chart_template","True"
"am_2214_receivable","Accounts receivable for sales of financial investments","202214","account.data_account_type_receivable","l10n_armenia.l10nam_chart_template","True"
"am_2215_receivable","Receivables for sales of fixed assets","202215","account.data_account_type_receivable","l10n_armenia.l10nam_chart_template","True"
"am_2216_receivable","Accounts receivable for other sales","202216","account.data_account_type_receivable","l10n_armenia.l10nam_chart_template","True"
"am_2221_receivable","Operating lease receivables","202221","account.data_account_type_receivable","l10n_armenia.l10nam_chart_template","True"
"am_2222_receivable","Accounts receivables for dividends to be received","202222","account.data_account_type_receivable","l10n_armenia.l10nam_chart_template","True"
"am_2223_receivable","Accounts receivable for interest to be received","202223","account.data_account_type_receivable","l10n_armenia.l10nam_chart_template","True"
"am_2224_receivable","Receivables for insurance benefits","202224","account.data_account_type_receivable","l10n_armenia.l10nam_chart_template","True"
"am_2225_receivable","Receivables due to fines","202225","account.data_account_type_receivable","l10n_armenia.l10nam_chart_template","True"
"am_2226_receivable","Receivables for compensation of material damage","202226","account.data_account_type_receivable","l10n_armenia.l10nam_chart_template","True"
"am_2227_receivable","Accounts receivable for other income types","202227","account.data_account_type_receivable","l10n_armenia.l10nam_chart_template","True"
"am_2231_receivable","Bad debt allowance","202231","account.data_account_type_receivable","l10n_armenia.l10nam_chart_template","True"
"am_2241_rprepayments","Advance payments given for purchasing materials","202241","account.data_account_type_prepayments","l10n_armenia.l10nam_chart_template","True"
"am_2242_prepayments","Advance payments made to purchase goods","202242","account.data_account_type_prepayments","l10n_armenia.l10nam_chart_template","True"
"am_2243_prepayments","Granted advance payments for purchasing works, services","202243","account.data_account_type_prepayments","l10n_armenia.l10nam_chart_template","True"
"am_2244_prepayments","Current advances made for other purposes","202244","account.data_account_type_prepayments","l10n_armenia.l10nam_chart_template","True"
"am_2251_prepayments","Receivables on profit tax","202251","account.data_account_type_prepayments","l10n_armenia.l10nam_chart_template","True"
"am_2252_prepayments","Income tax receivables","202252","account.data_account_type_prepayments","l10n_armenia.l10nam_chart_template","True"
"am_2253_prepayments","Accounts receivable for value added tax","202253","account.data_account_type_prepayments","l10n_armenia.l10nam_chart_template","True"
"am_2254_prepayments","Excise tax receivables","202254","account.data_account_type_prepayments","l10n_armenia.l10nam_chart_template","True"
"am_2255_prepayments","Property tax receivables ","202255","account.data_account_type_prepayments","l10n_armenia.l10nam_chart_template","True"
"am_2256_prepayments","Land tax receivables","202256","account.data_account_type_prepayments","l10n_armenia.l10nam_chart_template","True"
"am_2257_prepayments","Customs receivables","202257","account.data_account_type_prepayments","l10n_armenia.l10nam_chart_template","True"
"am_2258_prepayments","State duty receivables","202258","account.data_account_type_prepayments","l10n_armenia.l10nam_chart_template","True"
"am_2259_prepayments","Receivables for other mandatory payments","202259","account.data_account_type_prepayments","l10n_armenia.l10nam_chart_template","True"
"am_2261_current_assets","Indirect taxes subject to settlement (compensation)","202261","account.data_account_type_current_assets","l10n_armenia.l10nam_chart_template","True"
"am_2271_current_assets","Accounts receivable for compulsory social security","202271","account.data_account_type_current_assets","l10n_armenia.l10nam_chart_template","True"
"am_2281_current_assets","Estimated amounts for purchasing materials","202281","account.data_account_type_current_assets","l10n_armenia.l10nam_chart_template","True"
"am_2282_current_assets","Estimated amounts to purchase goods","202282","account.data_account_type_current_assets","l10n_armenia.l10nam_chart_template","True"
"am_2283_current_assets","Estimated amounts for business trips","202283","account.data_account_type_current_assets","l10n_armenia.l10nam_chart_template","True"
"am_2284_current_assets","Amounts on account for other purposes","202284","account.data_account_type_current_assets","l10n_armenia.l10nam_chart_template","True"
"am_2291_current_assets","Receivables for payment of wages","202291","account.data_account_type_current_assets","l10n_armenia.l10nam_chart_template","True"
"am_2292_current_assets","Receivables with employees on other transactions","202292","account.data_account_type_current_assets","l10n_armenia.l10nam_chart_template","True"
"am_2293_current_assets","Receivables on Appeals","202293","account.data_account_type_current_assets","l10n_armenia.l10nam_chart_template","True"
"am_2294_current_assets","Accounts receivable for investments accounted for by the equity method on declared dividends","202294","account.data_account_type_current_assets","l10n_armenia.l10nam_chart_template","True"
"am_2311_current_assets","Current investments in equity instruments measured at cost","202311","account.data_account_type_current_assets","l10n_armenia.l10nam_chart_template","True"
"am_2312_current_assets","Current investments in equity instruments measured at fair value","202312","account.data_account_type_current_assets","l10n_armenia.l10nam_chart_template","True"
"am_2321_current_assets","Gross receipts from short-term borrowings","202321","account.data_account_type_current_assets","l10n_armenia.l10nam_chart_template","True"
"am_2331_current_assets","Short-term portion of gross receipts from long-term borrowings","202331","account.data_account_type_current_assets","l10n_armenia.l10nam_chart_template","True"
"am_2341_current_assets","Gross receipts from short-term investments in other debt instruments","202341","account.data_account_type_current_assets","l10n_armenia.l10nam_chart_template","True"
"am_2351_current_assets","Short-term portion of gross receipts from long-term investments in other debt instruments","202351","account.data_account_type_current_assets","l10n_armenia.l10nam_chart_template","True"
"am_2361_current_assets","Other current financial assets measured at fair value","202361","account.data_account_type_current_assets","l10n_armenia.l10nam_chart_template","True"
"am_2362_current_assets","Other current financial assets measured at cost","202362","account.data_account_type_current_assets","l10n_armenia.l10nam_chart_template","True"
"am_2363_current_assets","Current obligations to obtain a loan (non-repayable on a net basis)","202363","account.data_account_type_current_assets","l10n_armenia.l10nam_chart_template","True"
"am_2371_current_assets","Short-term portion of gross receivables under finance leases","202371","account.data_account_type_current_assets","l10n_armenia.l10nam_chart_template","True"
"am_2381_current_assets","Unearned financial income on short-term loans","202381","account.data_account_type_current_assets","l10n_armenia.l10nam_chart_template","True"
"am_2382_current_assets","Unearned financial income on the short-term part of long-term loans","202382","account.data_account_type_current_assets","l10n_armenia.l10nam_chart_template","True"
"am_2383_current_assets","Unearned financial income on short-term investments in other debt instruments","202383","account.data_account_type_current_assets","l10n_armenia.l10nam_chart_template","True"
"am_2384_current_assets","Unearned financial income on the short-term portion of long-term investments in other debt instruments","202384","account.data_account_type_current_assets","l10n_armenia.l10nam_chart_template","True"
"am_2385_current_assets","Unearned financial income for the short-term part of the financial lease","202385","account.data_account_type_current_assets","l10n_armenia.l10nam_chart_template","True"
"am_2391_current_assets","Current financial assets intended as a hedging instrument","202391","account.data_account_type_current_assets","l10n_armenia.l10nam_chart_template","True"
"am_2411_current_assets","Depreciation of current investments in equity instruments","202411","account.data_account_type_current_assets","l10n_armenia.l10nam_chart_template","True"
"am_2412_current_assets","Uncollectibility of short-term loans","202412","account.data_account_type_current_assets","l10n_armenia.l10nam_chart_template","True"
"am_2413_current_assets","Uncollectibility of the short-term part of long-term loans","202413","account.data_account_type_current_assets","l10n_armenia.l10nam_chart_template","True"
"am_2414_current_assets","Uncollectibility of short-term investments in other debt instruments","202414","account.data_account_type_current_assets","l10n_armenia.l10nam_chart_template","True"
"am_2415_current_assets","Uncollectibility of the short-term portion of long-term investments in other debt instruments","202415","account.data_account_type_current_assets","l10n_armenia.l10nam_chart_template","True"
"am_2416_current_assets","Impairment of current borrowing obligations (non-repayable on a net basis)","202416","account.data_account_type_current_assets","l10n_armenia.l10nam_chart_template","True"
"am_2417_current_assets","Uncollectibility of the short-term portion of gross receipts under finance leases","202417","account.data_account_type_current_assets","l10n_armenia.l10nam_chart_template","True"
"am_2511_bank_and_cash","National currency cash register","202511","account.data_account_type_liquidity","l10n_armenia.l10nam_chart_template","True"
"am_2512_bank_and_cash","Currency Cash Box","202512","account.data_account_type_liquidity","l10n_armenia.l10nam_chart_template","True"
"am_2513_bank_and_cash","Frozen funds in cash register","202513","account.data_account_type_liquidity","l10n_armenia.l10nam_chart_template","True"
"am_2521_bank_and_cash","Current account","202521","account.data_account_type_liquidity","l10n_armenia.l10nam_chart_template","True"
"am_2522_bank_and_cash","Frozen funds in settlement account","202522","account.data_account_type_liquidity","l10n_armenia.l10nam_chart_template","True"
"am_2531_bank_and_cash","Foreign currency account within the country","202531","account.data_account_type_liquidity","l10n_armenia.l10nam_chart_template","True"
"am_2532_bank_and_cash","Foreign currency account abroad","202532","account.data_account_type_liquidity","l10n_armenia.l10nam_chart_template","True"
"am_2533_bank_and_cash","Frozen funds in foreign currency account","202533","account.data_account_type_liquidity","l10n_armenia.l10nam_chart_template","True"
"am_2541_bank_and_cash","Letters of Credit","202541","account.data_account_type_liquidity","l10n_armenia.l10nam_chart_template","True"
"am_2542_bank_and_cash","Checkbooks","202542","account.data_account_type_liquidity","l10n_armenia.l10nam_chart_template","True"
"am_2543_bank_and_cash","Other accounts in banks","202543","account.data_account_type_liquidity","l10n_armenia.l10nam_chart_template","True"
"am_2551_bank_and_cash","Cash on the road","202551","account.data_account_type_liquidity","l10n_armenia.l10nam_chart_template","True"
"am_2561_bank_and_cash","Financial documents","202561" ,"account.data_account_type_liquidity","l10n_armenia.l10nam_chart_template","True"
"am_2611_current_assets","Current assets offsetting deferred indirect taxes","202611","account.data_account_type_current_assets","l10n_armenia.l10nam_chart_template","True"
"am_2621_current_assets","Gross amounts due from clients for construction contracts","202621","account.data_account_type_current_assets","l10n_armenia.l10nam_chart_template","True"
"am_3111_equity","Common stock","203111","account.data_account_type_equity","l10n_armenia.l10nam_chart_template","True"
"am_3112_equity","Preferred stock","203112","account.data_account_type_equity","l10n_armenia.l10nam_chart_template","True"
"am_3113_equity","Shares","203113","account.data_account_type_equity","l10n_armenia.l10nam_chart_template","True"
"am_3114_equity","Units","203114","account.data_account_type_equity","l10n_armenia.l10nam_chart_template","True"
"am_3121_equity","Issued and unallocated capital","203121","account.data_account_type_equity","l10n_armenia.l10nam_chart_template","True"
"am_3122_equity","Issued and unpaid capital up to par","203122","account.data_account_type_equity","l10n_armenia.l10nam_chart_template","True"
"am_3123_equity","Allocated and unpaid capital in excess of nominal value","203123","account.data_account_type_equity","l10n_armenia.l10nam_chart_template","True"
"am_3131_equity","Common stock repurchased at par","203131","account.data_account_type_equity","l10n_armenia.l10nam_chart_template","True"
"am_3132_equity","Common shares repurchased for the difference between the par value and the repurchase price","203132","account.data_account_type_equity","l10n_armenia.l10nam_chart_template","True"
"am_3133_equity","Preference shares repurchased at par","203133","account.data_account_type_equity","l10n_armenia.l10nam_chart_template","True"
"am_3134_equity","Preference shares repurchased for the difference between par value and repurchase price","203134","account.data_account_type_equity","l10n_armenia.l10nam_chart_template","True"
"am_3135_equity","Shares repurchased at par","203135","account.data_account_type_equity","l10n_armenia.l10nam_chart_template","True"
"am_3136_equity","Shares repurchased in the amount of the difference between the nominal value and the repurchase price","203136","account.data_account_type_equity","l10n_armenia.l10nam_chart_template","True"
"am_3137_equity","Shares bought back at par","203137","account.data_account_type_equity","l10n_armenia.l10nam_chart_template","True"
"am_3138_equity","Shares repurchased in the amount of the difference between the nominal value and the repurchase price","203138","account.data_account_type_equity","l10n_armenia.l10nam_chart_template","True"
"am_3141_equity","Issue income","203141","account.data_account_type_equity","l10n_armenia.l10nam_chart_template","True"
"am_3231_equity","Benefits from remeasurement of hedging instruments to fair value","203231","account.data_account_type_equity","l10n_armenia.l10nam_chart_template","True"
"am_3232_equity","Losses on remeasurement of hedging instruments at fair value","203232","account.data_account_type_equity","l10n_armenia.l10nam_chart_template","True"
"am_3241_equity","Exchange rate differences from restatement of financial statements of foreign divisions","203241","account.data_account_type_equity","l10n_armenia.l10nam_chart_template","True"
"am_3243_equity","Exchange rate differences on net investment hedges in foreign units","203243","account.data_account_type_equity","l10n_armenia.l10nam_chart_template","True"
"am_3261_equity","The share of other comprehensive financial result for investments accounted for by the equity method","203261","account.data_account_type_equity","l10n_armenia.l10nam_chart_template","True"
"am_3311_current_year_earnings","Current Year Earnings","203311","account.data_unaffected_earnings","l10n_armenia.l10nam_chart_template","True"
"am_3511_equity","Reserve capital","203511","account.data_account_type_equity","l10n_armenia.l10nam_chart_template","True"
"am_3521_equity","Derivatives classified as equity instruments","203521","account.data_account_type_equity","l10n_armenia.l10nam_chart_template","True"
"am_4111_non_current_liabilities","Gross amounts due on long-term loans","204111","account.data_account_type_non_current_liabilities","l10n_armenia.l10nam_chart_template","True"
"am_4121_non_current_liabilities","Gross amounts payable on long-term bills issued","204121","account.data_account_type_non_current_liabilities","l10n_armenia.l10nam_chart_template","True"
"am_4122_non_current_liabilities","Gross amounts due on long-term non-convertible bonds","204122","account.data_account_type_non_current_liabilities","l10n_armenia.l10nam_chart_template","True"
"am_4123_non_current_liabilities","Aggregate amounts due on long-term convertible bonds","204123","account.data_account_type_non_current_liabilities","l10n_armenia.l10nam_chart_template","True"
"am_4124_non_current_liabilities","Aggregate Amounts Payable in Marelli Preference Shares","204124","account.data_account_type_non_current_liabilities","l10n_armenia.l10nam_chart_template","True"
"am_4125_non_current_liabilities","Gross amounts due on other long-term borrowings","204125","account.data_account_type_non_current_liabilities","l10n_armenia.l10nam_chart_template","True"
"am_4131_non_current_liabilities","Gross amounts payable under finance leases","204131","account.data_account_type_non_current_liabilities","l10n_armenia.l10nam_chart_template","True"
"am_4141_non_current_liabilities","Unearned interest expense on long-term loans","204141","account.data_account_type_non_current_liabilities","l10n_armenia.l10nam_chart_template","True"
"am_4142_non_current_liabilities","Unincurred interest expense on long-term borrowings","204142","account.data_account_type_non_current_liabilities","l10n_armenia.l10nam_chart_template","True"
"am_4143_non_current_liabilities","Unearned interest expense on finance leases","204143","account.data_account_type_non_current_liabilities","l10n_armenia.l10nam_chart_template","True"
"am_4211_non_current_liabilities","Grants relating to assets","204211","account.data_account_type_non_current_liabilities","l10n_armenia.l10nam_chart_template","True"
"am_4221_non_current_liabilities","Deferred tax liabilities","204221","account.data_account_type_non_current_liabilities","l10n_armenia.l10nam_chart_template","True"
"am_4251_non_current_liabilities","Non-current reserves","204251","account.data_account_type_non_current_liabilities","l10n_armenia.l10nam_chart_template","True"
"am_4261_non_current_liabilities","Present value of liability for defined benefit plans","204261","account.data_account_type_non_current_liabilities","l10n_armenia.l10nam_chart_template","True"
"am_4291_non_current_liabilities","Other non-current liabilities","204291","account.data_account_type_non_current_liabilities","l10n_armenia.l10nam_chart_template","True"
"am_5121_current_liabilities","Short-term portion of gross amounts due on long-term loans","205121","account.data_account_type_current_liabilities","l10n_armenia.l10nam_chart_template"
"am_5131_current_liabilities","Gross amounts due on short-term borrowings","205131","account.data_account_type_current_liabilities","l10n_armenia.l10nam_chart_template","True"
"am_5141_current_liabilities","Short-term portion of gross amounts payable on long-term promissory notes issued","205141","account.data_account_type_current_liabilities","l10n_armenia.l10nam_chart_template","True"
"am_5142_current_liabilities","Short-term portion of the gross amounts payable under long-term bonds placed","205142","account.data_account_type_current_liabilities","l10n_armenia.l10nam_chart_template","True"
"am_5143_current_liabilities","Short-term portion of gross amounts due on other long-term loans","205143","account.data_account_type_current_liabilities","l10n_armenia.l10nam_chart_template","True"
"am_5151_current_liabilities","Short-term portion of gross amounts payable under finance leases","205151","account.data_account_type_current_liabilities","l10n_armenia.l10nam_chart_template","True"
"am_5161_current_liabilities","Unearned interest expense on short-term loans","205161","account.data_account_type_current_liabilities","l10n_armenia.l10nam_chart_template","True"
"am_5162_current_liabilities","Unearned interest expenses on the short-term part of long-term loans","205162","account.data_account_type_current_liabilities","l10n_armenia.l10nam_chart_template","True"
"am_5163_current_liabilities","Unearned interest expense on short-term borrowings","205163","account.data_account_type_current_liabilities","l10n_armenia.l10nam_chart_template","True"
"am_5164_current_liabilities","Unearned interest expense on the short-term portion of long-term loans","205164","account.data_account_type_current_liabilities","l10n_armenia.l10nam_chart_template","True"
"am_5165_current_liabilities","Unearned interest expense on the short-term portion of a finance lease","205165","account.data_account_type_current_liabilities","l10n_armenia.l10nam_chart_template","True"
"am_5171_current_liabilities","Financial liabilities held for trading purposes","205171","account.data_account_type_current_liabilities","l10n_armenia.l10nam_chart_template","True"
"am_5172_current_liabilities","Financial liabilities originally classified as at fair value through profit or loss","205172","account.data_account_type_current_liabilities","l10n_armenia.l10nam_chart_template","True"
"am_5181_current_liabilities","Current financial liabilities intended as a hedging instrument","205181","account.data_account_type_current_liabilities","l10n_armenia.l10nam_chart_template","True"
"am_5211_payable","Creditor debts for received raw materials, materials","205211","account.data_account_type_payable","l10n_armenia.l10nam_chart_template","True"
"am_5212_payable","Accounts payable for purchases of goods","205212","account.data_account_type_payable","l10n_armenia.l10nam_chart_template","True"
"am_5213_payable","Accounts payable for services received, works received","205213","account.data_account_type_payable","l10n_armenia.l10nam_chart_template","True"
"am_5214_payable","Accounts payable for received financial assets","205214","account.data_account_type_payable","l10n_armenia.l10nam_chart_template","True"
"am_5215_payable","Accounts payable for fixed assets received","205215","account.data_account_type_payable","l10n_armenia.l10nam_chart_template","True"
"am_5216_payable","Accounts Payable for Other Purchases","205216","account.data_account_type_payable","l10n_armenia.l10nam_chart_template","True"
"am_5231_payable","Received advance payments for products, goods, works, services to be sold","205231","account.data_account_type_payable","l10n_armenia.l10nam_chart_template","True"
"am_5232_payable","Received advances on non-current assets to be sold","205232","account.data_account_type_payable","l10n_armenia.l10nam_chart_template","True"
"am_5233_payable","Advances received on operating leases","205233","account.data_account_type_payable","l10n_armenia.l10nam_chart_template","True"
"am_5234_payable","Advances received for other purposes","205234","account.data_account_type_payable","l10n_armenia.l10nam_chart_template","True"
"am_5241_current_liabilities","Debts on profit tax","205241","account.data_account_type_current_liabilities","l10n_armenia.l10nam_chart_template","True"
"am_5242_current_liabilities","Liabilities for value added tax","205242","account.data_account_type_current_liabilities","l10n_armenia.l10nam_chart_template","True"
"am_5243_current_liabilities","Income tax liabilities","205243","account.data_account_type_current_liabilities","l10n_armenia.l10nam_chart_template","True"
"am_5244_current_liabilities","Debts on excise tax","205244","account.data_account_type_current_liabilities","l10n_armenia.l10nam_chart_template","True"
"am_5245_current_liabilities","Property tax debts","205245","account.data_account_type_current_liabilities","l10n_armenia.l10nam_chart_template","True"
"am_5246_current_liabilities","Land tax arrears","205246","account.data_account_type_current_liabilities","l10n_armenia.l10nam_chart_template","True"
"am_5247_current_liabilities","Debts on customs duty","205247","account.data_account_type_current_liabilities","l10n_armenia.l10nam_chart_template","True"
"am_5248_current_liabilities","Debts due to penalties and fines calculated against taxes","205248","account.data_account_type_current_liabilities","l10n_armenia.l10nam_chart_template","True"
"am_5249_current_liabilities","Debts due to other mandatory fees","205249","account.data_account_type_current_liabilities","l10n_armenia.l10nam_chart_template","True"
"am_5251_current_liabilities","Debts due to mandatory social security payments at the expense of employees","205251","account.data_account_type_current_liabilities","l10n_armenia.l10nam_chart_template","True"
"am_5252_current_liabilities","Arrears due to mandatory social security contributions at the expense of employers","205252","account.data_account_type_current_liabilities","l10n_armenia.l10nam_chart_template","True"
"am_5253_current_liabilities","Obligations for Compensable Absences for Mandatory Social Security Contributions","205253","account.data_account_type_current_liabilities","l10n_armenia.l10nam_chart_template","True"
"am_5271_current_liabilities","Debts for salary payment","205271","account.data_account_type_current_liabilities","l10n_armenia.l10nam_chart_template","True"
"am_5272_current_liabilities","Debts for Compensable Absences","205272","account.data_account_type_current_liabilities","l10n_armenia.l10nam_chart_template","True"
"am_5273_current_liabilities","Debts in respect of awards","205273","account.data_account_type_current_liabilities","l10n_armenia.l10nam_chart_template","True"
"am_5274_(current_liabilities","Debts in respect of deposited benefits","205274","account.data_account_type_current_liabilities","l10n_armenia.l10nam_chart_template","True"
"am_5281_current_liabilities","Debts to employees for estimated amounts","205281","account.data_account_type_current_liabilities","l10n_armenia.l10nam_chart_template","True"
"am_5282_current_liabilities","Payables to employees for other operations","205282","account.data_account_type_current_liabilities","l10n_armenia.l10nam_chart_template","True"
"am_5291_current_liabilities","Dividends Payable on Common Stock","205291","account.data_account_type_current_liabilities","l10n_armenia.l10nam_chart_template","True"
"am_5292_current_liabilities","Dividends payable on preferred stock","205292","account.data_account_type_current_liabilities","l10n_armenia.l10nam_chart_template","True"
"am_5311_current_liabilities","Liabilities under operating leases","205311","account.data_account_type_current_liabilities","l10n_armenia.l10nam_chart_template","True"
"am_5312_current_liabilities","Debts due to fines","205312","account.data_account_type_current_liabilities","l10n_armenia.l10nam_chart_template","True"
"am_5313_current_liabilities","Debts on insurance premiums","205313","account.data_account_type_current_liabilities","l10n_armenia.l10nam_chart_template","True"
"am_5411_current_liabilities","Grants relating to income","205411","account.data_account_type_current_liabilities","l10n_armenia.l10nam_chart_template","True"
"am_5421_current_liabilities","Payment of deferred tax liabilities","205421","account.data_account_type_current_liabilities","l10n_armenia.l10nam_chart_template","True"
"am_5431_current_liabilities","Current reserves for warranty sales","205431","account.data_account_type_current_liabilities","l10n_armenia.l10nam_chart_template","True"
"am_5432_current_liabilities","Current provisions for onerous contracts","205432","account.data_account_type_current_liabilities","l10n_armenia.l10nam_chart_template","True"
"am_5433_current_liabilities","Current reserves for guarantees and guarantees provided","205433","account.data_account_type_current_liabilities","l10n_armenia.l10nam_chart_template","True"
"am_5434_current_liabilities","Current portion of non-current reserves","205434","account.data_account_type_current_liabilities","l10n_armenia.l10nam_chart_template","True"
"am_5435_current_liabilities","Reserve for earned vacation","205435","account.data_account_type_current_liabilities","l10n_armenia.l10nam_chart_template","True"
"am_5441_current_liabilities","Gross amounts due to clients for construction contracts","205441","account.data_account_type_current_liabilities","l10n_armenia.l10nam_chart_template","True"
"am_6111_income","Revenue from product sales","206111","account.data_account_type_revenue","l10n_armenia.l10nam_chart_template","True"
"am_6112_income","Revenue from sales of goods","206112","account.data_account_type_revenue","l10n_armenia.l10nam_chart_template","True"
"am_6113_income","Income from performance of works","206113","account.data_account_type_revenue","l10n_armenia.l10nam_chart_template","True"
"am_6114_income","Revenue from provision of services","206114","account.data_account_type_revenue","l10n_armenia.l10nam_chart_template","True"
"am_6121_income","Adjustment of proceeds from product returns","206121","account.data_account_type_revenue","l10n_armenia.l10nam_chart_template","True"
"am_6141_other_income","Proceeds from disposal of other inventories","206141","account.data_account_type_other_income","l10n_armenia.l10nam_chart_template","True"
"am_6142_other_income","Inventory revaluation gains, receivables loss reversal gains","206142","account.data_account_type_other_income","l10n_armenia.l10nam_chart_template","True"
"am_6143_other_income","Income from operating leases","206143","account.data_account_type_other_income","l10n_armenia.l10nam_chart_template","True"
"am_6144_other_income","Income from penalties, fines","206144","account.data_account_type_other_income","l10n_armenia.l10nam_chart_template","True"
"am_6145_other_income","Proceeds from property damage compensation","206145","account.data_account_type_other_income","l10n_armenia.l10nam_chart_template","True"
"am_6146_other_income","Other operating income","206146","account.data_account_type_other_income","l10n_armenia.l10nam_chart_template","True"
"am_6151_income","Income from harvesting (including squash)","206151","account.data_account_type_revenue","l10n_armenia.l10nam_chart_template","True"
"am_6152_income","Biological assets at fair value less costs to sell Benefit from remeasurement due to price changes","206152","account.data_account_type_revenue","l10n_armenia.l10nam_chart_template","True"
"am_6153_income","Biological assets at fair value less costs to sell Benefit from remeasurement due to physical change","206153","account.data_account_type_revenue","l10n_armenia.l10nam_chart_template","True"
"am_6154_income","Proceeds from disposal of biological assets","206154","account.data_account_type_revenue","l10n_armenia.l10nam_chart_template","True"
"am_6211_other_income","Proceeds from disposal of fixed assets","206211","account.data_account_type_other_income","l10n_armenia.l10nam_chart_template","True"
"am_6212_other_income","Gains on disposal of intangible assets","206212","account.data_account_type_other_income","l10n_armenia.l10nam_chart_template","True"
"am_6213_other_income","Proceeds from disposal of non-current financial assets","206213","account.data_account_type_other_income","l10n_armenia.l10nam_chart_template","True"
"am_6214_other_income","Proceeds from the disposal of other non-current assets","206214","account.data_account_type_other_income","l10n_armenia.l10nam_chart_template","True"
"am_6221_other_income","Proceeds from disposal of current financial assets","206221","account.data_account_type_other_income","l10n_armenia.l10nam_chart_template","True"
"am_6243_other_income","Benefits from reversal of impairment loss on property, plant and equipment","206243","account.data_account_type_other_income","l10n_armenia.l10nam_chart_template","True"
"am_6244_other_income","Benefits from Reversal of Impairment Loss on Intangible Assets","206244","account.data_account_type_other_income","l10n_armenia.l10nam_chart_template","True"
"am_6245_other_income","Benefits from revaluation of investment property","206245","account.data_account_type_other_income","l10n_armenia.l10nam_chart_template","True"
"am_6251_other_income","Gains from currency exchange differences","206251","account.data_account_type_other_income","l10n_armenia.l10nam_chart_template","True"
"am_6261_other_income","Gains from remeasurement of non-operating financial assets and liabilities measured at fair value","206261","account.data_account_type_other_income","l10n_armenia.l10nam_chart_template","True"
"am_6262_other_income","Benefits from reversal of impairment of financial assets measured at cost","206262","account.data_account_type_other_income","l10n_armenia.l10nam_chart_template","True"
"am_6264_other_income","Name","206264","account.data_account_type_other_income","l10n_armenia.l10nam_chart_template","True"
"am_6265_other_income","Benefits from reversal of impairment (uncollectibility) on non-operating financial assets measured at amortized cost","206265","account.data_account_type_other_income","l10n_armenia.l10nam_chart_template","True"
"am_6271_other_income","Dividends","206271","account.data_account_type_other_income","l10n_armenia.l10nam_chart_template","True"
"am_6272_other_income","Interest income under the effective interest method","206272","account.data_account_type_other_income","l10n_armenia.l10nam_chart_template","True"
"am_6273_other_income","Income from finance leases using the effective interest method","206273","account.data_account_type_other_income","l10n_armenia.l10nam_chart_template","True"
"am_6281_other_income","Income from favors and gratuities","206281","account.data_account_type_other_income","l10n_armenia.l10nam_chart_template","True"
"am_6291_other_income","Share of profit on investments accounted for by the equity method","206291","account.data_account_type_other_income","l10n_armenia.l10nam_chart_template","True"
"am_6292_other_income","Other income","206292","account.data_account_type_other_income","l10n_armenia.l10nam_chart_template","True"
"am_6321_other_income","Proceeds from disposal of net assets of discontinued operations","206321","account.data_account_type_other_income","l10n_armenia.l10nam_chart_template","True"
"am_6322_other_income","Gains from remeasurement of net assets of discontinued operations at fair value less costs to sell","206322","account.data_account_type_other_income","l10n_armenia.l10nam_chart_template","True"
"am_6431_other_income","Reclassification adjustments. gains realized on remeasurement of hedging instruments at fair value","206431","account.data_account_type_other_income","l10n_armenia.l10nam_chart_template","True"
"am_6441_other_income","Reclassification adjustments. realized exchange rate gains from the restatement of the financial statements of foreign units","206441","account.data_account_type_other_income","l10n_armenia.l10nam_chart_template","True"
"am_6443_other_income","Reclassification adjustments. realized foreign exchange losses on hedges of net investment in foreign units","206443","account.data_account_type_other_income","l10n_armenia.l10nam_chart_template","True"
"am_6461_other_income","Reclassification adjustments. share of other comprehensive financial result (profit) on investments accounted for by the equity method","206461","account.data_account_type_other_income","l10n_armenia.l10nam_chart_template","True"
"am_6731_other_income","Benefits from remeasurement of hedging instruments at fair value","206731","account.data_account_type_other_income","l10n_armenia.l10nam_chart_template","True"
"am_6741_other_income","Exchange rate benefits from restatement of financial statements of foreign operations","206741","account.data_account_type_other_income","l10n_armenia.l10nam_chart_template","True"
"am_6743_other_income","Exchange rate benefits on net investment hedges in foreign units","206743","account.data_account_type_other_income","l10n_armenia.l10nam_chart_template","True"
"am_6751_other_income","Actuarial benefits","206751","account.data_account_type_other_income","l10n_armenia.l10nam_chart_template","True"
"am_6761_other_income","The share of other comprehensive financial result (profit) for investments accounted for by the equity method","206761","account.data_account_type_other_income","l10n_armenia.l10nam_chart_template","True"
"am_7111_cost_of_revenue","Cost of produced goods sold","207111","account.data_account_type_direct_costs","l10n_armenia.l10nam_chart_template","True"
"am_7112_cost_of_revenue","Cost of goods sold","207112","account.data_account_type_direct_costs","l10n_armenia.l10nam_chart_template","True"
"am_7113_cost_of_revenue","Cost of completed works","207113","account.data_account_type_direct_costs","l10n_armenia.l10nam_chart_template","True"
"am_7114_cost_of_revenue","Cost of rendered services","207114","account.data_account_type_direct_costs","l10n_armenia.l10nam_chart_template","True"
"am_7121_cost_of_revenue","Labor costs, social security contributions","207121","account.data_account_type_direct_costs","l10n_armenia.l10nam_chart_template","True"
"am_7122_cost_of_revenue","Costs of repair and maintenance of fixed assets","207122","account.data_account_type_direct_costs","l10n_armenia.l10nam_chart_template","True"
"am_71221_depreciation","Costs of depreciation of fixed assets","2071221","account.data_account_type_depreciation","l10n_armenia.l10nam_chart_template","True"
"am_7123_cost_of_revenue","Costs of products in warehouse, packing, container, sorting, storage of goods","207123","account.data_account_type_direct_costs","l10n_armenia.l10nam_chart_template","True"
"am_7124_cost_of_revenue","Transportation and security costs of products, sales of goods","207124","account.data_account_type_direct_costs","l10n_armenia.l10nam_chart_template","True"
"am_7125_cost_of_revenue","Commission and Consignment Pay","207125","account.data_account_type_direct_costs","l10n_armenia.l10nam_chart_template","True"
"am_7126_cost_of_revenue","Marketing and advertising expenses","207126","account.data_account_type_direct_costs","l10n_armenia.l10nam_chart_template","True"
"am_7127_cost_of_revenue","Other realization costs","207127","account.data_account_type_direct_costs","l10n_armenia.l10nam_chart_template","True"
"am_7131_expenses","Labor costs, social security contributions","207131","account.data_account_type_expenses","l10n_armenia.l10nam_chart_template","True"
"am_7132_expenses","Repair and maintenance costs of fixed assets and intangible assets","207132","account.data_account_type_expenses","l10n_armenia.l10nam_chart_template","True"
"am_71321_depreciation","Depreciation costs of fixed assets and intangible assets","2071321","account.data_account_type_depreciation","l10n_armenia.l10nam_chart_template","True"
"am_7133_expenses","Travel and representation expenses","207133","account.data_account_type_expenses","l10n_armenia.l10nam_chart_template","True"
"am_7134_expenses","Office and utility expenses","207134","account.data_account_type_expenses","l10n_armenia.l10nam_chart_template","True"
"am_7135_expenses","Office and utility expenses","207135","account.data_account_type_expenses","l10n_armenia.l10nam_chart_template","True"
"am_7136_expenses","Audit and consulting expenses","207136","account.data_account_type_expenses","l10n_armenia.l10nam_chart_template","True"
"am_7137_expenses","Banking services costs, security costs","207137","account.data_account_type_expenses","l10n_armenia.l10nam_chart_template","True"
"am_7138_expenses","Expenditure from non-reimbursable taxes","207138","account.data_account_type_expenses","l10n_armenia.l10nam_chart_template","True"
"am_7139_expenses","Other administrative expenses","207139","account.data_account_type_expenses","l10n_armenia.l10nam_chart_template","True"
"am_7141_expenses","Expenditure on disposal of other inventories","207141","account.data_account_type_expenses","l10n_armenia.l10nam_chart_template","True"
"am_7142_expenses","Inventory revaluation expenses, sales receivable loss expenses, warranty service and repair expenses","207142","account.data_account_type_expenses","l10n_armenia.l10nam_chart_template","True"
"am_7143_expenses","Depreciation expense for fixed assets under operating leases","207143","account.data_account_type_expenses","l10n_armenia.l10nam_chart_template","True"
"am_7144_expenses","Costs from penalties, fines, court costs","207144","account.data_account_type_expenses","l10n_armenia.l10nam_chart_template","True"
"am_7145_expenses","Value shortages and spoilage losses, costs exceeding the usual (normal) level of production costs, costs related to spoiled products","207145","account.data_account_type_expenses","l10n_armenia.l10nam_chart_template"
"am_7146_expenses","Research and development expenses","207146","account.data_account_type_expenses","l10n_armenia.l10nam_chart_template","True"
"am_7147_expenses","Liquidation costs of fixed assets","207147","account.data_account_type_expenses","l10n_armenia.l10nam_chart_template","True"
"am_7148_expenses","Other operating expenses","207148","account.data_account_type_expenses","l10n_armenia.l10nam_chart_template","True"
"am_7151_cost_of_revenue","Expenses of agricultural activity","207151","account.data_account_type_direct_costs","l10n_armenia.l10nam_chart_template","True"
"am_7152_cost_of_revenue","Biological assets at fair value less costs to sell revaluation loss due to price change","207152","account.data_account_type_direct_costs","l10n_armenia.l10nam_chart_template","True"
"am_7153_cost_of_revenue","Biological assets at fair value less costs to sell Loss on remeasurement due to physical change","207153","account.data_account_type_direct_costs","l10n_armenia.l10nam_chart_template","True"
"am_7154_cost_of_revenue","Expenditure on disposal of biological assets","207154","account.data_account_type_direct_costs","l10n_armenia.l10nam_chart_template","True"
"am_7211_expenses","Expenditure on disposal of fixed assets","207211","account.data_account_type_expenses","l10n_armenia.l10nam_chart_template","True"
"am_7212_expenses","Expenditure on disposal of intangible assets","207212","account.data_account_type_expenses","l10n_armenia.l10nam_chart_template","True"
"am_7213_expenses","Costs from disposal of non-current financial assets","207213","account.data_account_type_expenses","l10n_armenia.l10nam_chart_template","True"
"am_7214_expenses","Costs on disposal of other non-current assets","207214","account.data_account_type_expenses","l10n_armenia.l10nam_chart_template","True"
"am_7221_expenses","Costs on disposal of current financial assets","207221","account.data_account_type_expenses","l10n_armenia.l10nam_chart_template","True"
"am_7243_expenses","Impairment losses on fixed assets","207243","account.data_account_type_expenses","l10n_armenia.l10nam_chart_template","True"
"am_7244_expenses","Impairment losses on intangible assets","207244","account.data_account_type_expenses","l10n_armenia.l10nam_chart_template","True"
"am_7245_expenses","Losses on revaluation of investment property","207245","account.data_account_type_expenses","l10n_armenia.l10nam_chart_template","True"
"am_7251_expenses","Losses from foreign exchange differences","207251","account.data_account_type_expenses","l10n_armenia.l10nam_chart_template","True"
"am_7261_expenses","Losses on remeasurement of non-operating financial assets measured at fair value","207261","account.data_account_type_expenses","l10n_armenia.l10nam_chart_template","True"
"am_7262_expenses","Impairment losses on financial assets measured at cost","207262","account.data_account_type_expenses","l10n_armenia.l10nam_chart_template","True"
"am_7264_expenses","Losses on remeasurement of non-operating hedging instruments","207264","account.data_account_type_expenses","l10n_armenia.l10nam_chart_template","True"
"am_7265_expenses","Impairment (uncollectibility) losses on non-operating financial assets measured at amortized cost","207265","account.data_account_type_expenses","l10n_armenia.l10nam_chart_template","True"
"am_7271_expenses","Interest expense on loans and borrowings using the effective interest method","207271","account.data_account_type_expenses","l10n_armenia.l10nam_chart_template","True"
"am_7272_expenses","Interest expense on finance leases using the effective interest method","207272","account.data_account_type_expenses","l10n_armenia.l10nam_chart_template","True"
"am_7274_expenses","Interest expense resulting from adjustment for the effect of discounting reserves","207274","account.data_account_type_expenses","l10n_armenia.l10nam_chart_template","True"
"am_7275_expenses","Dividends and interest on preferred stock classified as a liability using the effective interest method","207275","account.data_account_type_expenses","l10n_armenia.l10nam_chart_template","True"
"am_7281_expenses","Expenditure on unclaimed assets","207281","account.data_account_type_expenses","l10n_armenia.l10nam_chart_template","True"
"am_7291_expenses","Share of losses on investments accounted for by the equity method","207291","account.data_account_type_expenses","l10n_armenia.l10nam_chart_template","True"
"am_7292_expenses","Other expenses","207292","account.data_account_type_expenses","l10n_armenia.l10nam_chart_template","True"
"am_7311_expenses","Cost of realized products, goods, works, services from discontinued operations","207311","account.data_account_type_expenses","l10n_armenia.l10nam_chart_template","True"
"am_7321_expenses","Costs on disposal of net assets constituting discontinued operations","207321","account.data_account_type_expenses","l10n_armenia.l10nam_chart_template","True"
"am_7322_expenses","Losses on remeasurement of net assets of discontinued operations at fair value less costs to sell","207322","account.data_account_type_expenses","l10n_armenia.l10nam_chart_template","True"
"am_7331_expenses","Income tax on profits or losses of discontinued operations","207331","account.data_account_type_expenses","l10n_armenia.l10nam_chart_template","True"
"am_7332_expenses","Income tax on gain or loss from disposal or remeasurement of net assets constituting discontinued operations","207332","account.data_account_type_expenses","l10n_armenia.l10nam_chart_template","True"
"am_7431_expenses","Reclassification adjustments. realized losses on remeasurement of hedging instruments at fair value","207431","account.data_account_type_fixed_assets","l10n_armenia.l10nam_chart_template","True"
"am_7441_expenses","Reclassification adjustments. realized foreign exchange losses from the restatement of financial statements of foreign subsidiaries","207441","account.data_account_type_expenses","l10n_armenia.l10nam_chart_template","True"
"am_7443_expenses","Reclassification adjustments. realized foreign exchange losses on hedges of net investment in foreign units","207443","account.data_account_type_expenses","l10n_armenia.l10nam_chart_template","True"
"am_7461_expenses","Reclassification adjustments. the share of other comprehensive financial result (loss) on investments accounted for by the equity method","207461","account.data_account_type_expenses","l10n_armenia.l10nam_chart_template","True"
"am_7511_expenses","Expenditure on current tax (income)","207511","account.data_account_type_expenses","l10n_armenia.l10nam_chart_template","True"
"am_7512_expenses","Deferred tax expense (income)","207512","account.data_account_type_expenses","l10n_armenia.l10nam_chart_template","True"
"am_7731_expenses","Losses on remeasurement of hedging instruments to fair value","207731","account.data_account_type_expenses","l10n_armenia.l10nam_chart_template","True"
"am_7741_expenses","Exchange losses from recalculation of financial statements of foreign subsidiaries","207741","account.data_account_type_expenses","l10n_armenia.l10nam_chart_template","True"
"am_7743_expenses","Exchange losses on net investment hedges in foreign units","207743","account.data_account_type_expenses","l10n_armenia.l10nam_chart_template","True"
"am_7751_expenses","Actuarial losses","207751","account.data_account_type_expenses","l10n_armenia.l10nam_chart_template","True"
"am_7761_cost_of_revenue","Share of other comprehensive financial result (loss) on investments accounted for by the equity method","207761","account.data_account_type_expenses","l10n_armenia.l10nam_chart_template","True"
"am_8111_cost_of_revenue","Direct material costs","208111","account.data_account_type_direct_costs","l10n_armenia.l10nam_chart_template","True"
"am_8112_cost_of_revenue","Direct expenses for payment of work","208112","account.data_account_type_direct_costs","l10n_armenia.l10nam_chart_template","True"
"am_8113_cost_of_revenue","Direct expenses for social security contributions","208113","account.data_account_type_direct_costs","l10n_armenia.l10nam_chart_template","True"
"am_8114_cost_of_revenue","Other direct manufacturing costs","208114","account.data_account_type_direct_costs","l10n_armenia.l10nam_chart_template","True"
"am_8115_cost_of_revenue","Auxiliary production costs","208115","account.data_account_type_direct_costs","l10n_armenia.l10nam_chart_template","True"
"am_8116_cost_of_revenue","Indirect manufacturing costs","208116","account.data_account_type_direct_costs","l10n_armenia.l10nam_chart_template","True"
"am_8121_cost_of_revenue","Direct material costs","208121","account.data_account_type_direct_costs","l10n_armenia.l10nam_chart_template","True"
"am_8122_cost_of_revenue","Direct expenses for payment of work","208122","account.data_account_type_direct_costs","l10n_armenia.l10nam_chart_template","True"
"am_8123_cost_of_revenue","Direct expenses for social security contributions","208123","account.data_account_type_direct_costs","l10n_armenia.l10nam_chart_template","True"
"am_8124_cost_of_revenue","Other direct costs of auxiliary production","208124","account.data_account_type_direct_costs","l10n_armenia.l10nam_chart_template","True"
"am_8125_cost_of_revenue","Indirect manufacturing costs","208125","account.data_account_type_direct_costs","l10n_armenia.l10nam_chart_template","True"
"am_8131_cost_of_revenue","Expenses for the payment of the work of managerial and service personnel of production units","208131","account.data_account_type_direct_costs","l10n_armenia.l10nam_chart_template","True"
"am_8132_cost_of_revenue","Social security contributions of managerial and service personnel of production units","208132","account.data_account_type_direct_costs","l10n_armenia.l10nam_chart_template","True"
"am_8133_cost_of_revenue","Depreciation of fixed assets of production purpose","208133","account.data_account_type_direct_costs","l10n_armenia.l10nam_chart_template","True"
"am_8134_cost_of_revenue","Costs of repair and maintenance of fixed means of production","208134","account.data_account_type_direct_costs","l10n_armenia.l10nam_chart_template","True"
"am_8135_cost_of_revenue","Amortization of production intangible assets","208135","account.data_account_type_direct_costs","l10n_armenia.l10nam_chart_template","True"
"am_8136_cost_of_revenue","Labor protection and equipment safety costs","208136","account.data_account_type_direct_costs","l10n_armenia.l10nam_chart_template","True"
"am_8137_cost_of_revenue","Travel expenses for production personnel","208137","account.data_account_type_direct_costs","l10n_armenia.l10nam_chart_template","True"
"am_8138_cost_of_revenue","Other indirect manufacturing costs","208138","account.data_account_type_direct_costs","l10n_armenia.l10nam_chart_template","True"
"am_8141_cost_of_revenue","Grass products","208141","account.data_account_type_direct_costs","l10n_armenia.l10nam_chart_template","True"
"am_8142_cost_of_revenue","Material costs of lawn correction","208142","account.data_account_type_direct_costs","l10n_armenia.l10nam_chart_template","True"
"am_8143_cost_of_revenue","Lawn correction labor costs","208143","account.data_account_type_direct_costs","l10n_armenia.l10nam_chart_template","True"
"am_8144_cost_of_revenue","Social security payments for lawn correction","208144","account.data_account_type_direct_costs","l10n_armenia.l10nam_chart_template","True"
"am_8145_cost_of_revenue","Other lawn care expenses","208145","account.data_account_type_direct_costs","l10n_armenia.l10nam_chart_template","True"
"am_8211_expenses","Direct material costs","208211","account.data_account_type_expenses","l10n_armenia.l10nam_chart_template","True"
"am_8212_expenses","Direct expenses for payment of work","208212","account.data_account_type_expenses","l10n_armenia.l10nam_chart_template","True"
"am_8213_expenses","Direct expenses for social security contributions","208213","account.data_account_type_expenses","l10n_armenia.l10nam_chart_template","True"
"am_8214_expenses","Other direct expenses","208214","account.data_account_type_expenses","l10n_armenia.l10nam_chart_template","True"
"am_8215_expenses","Indirect costs","208215","account.data_account_type_expenses","l10n_armenia.l10nam_chart_template","True"
"am_8221_expenses","Direct material costs","208221","account.data_account_type_expenses","l10n_armenia.l10nam_chart_template","True"
"am_8222_expenses","Direct expenses for payment of work","208222","account.data_account_type_expenses","l10n_armenia.l10nam_chart_template","True"
"am_8223_expenses","Direct expenses for social security contributions","208223","account.data_account_type_expenses","l10n_armenia.l10nam_chart_template","True"
"am_8224_expenses","Other direct expenses","208224","account.data_account_type_expenses","l10n_armenia.l10nam_chart_template","True"
"am_8225_expenses","Indirect costs","208225","account.data_account_type_expenses","l10n_armenia.l10nam_chart_template","True"
"am_8231_expenses","Direct material costs","208231","account.data_account_type_expenses","l10n_armenia.l10nam_chart_template","True"
"am_8232_expenses","Direct expenses for payment of work","208232","account.data_account_type_expenses","l10n_armenia.l10nam_chart_template","True"
"am_8233_expenses","Direct expenses for social security contributions","208233","account.data_account_type_expenses","l10n_armenia.l10nam_chart_template","True"
"am_8234_expenses","Other direct expenses","208234","account.data_account_type_expenses","l10n_armenia.l10nam_chart_template","True"
"am_8235_expenses","Indirect costs","208235","account.data_account_type_expenses","l10n_armenia.l10nam_chart_template","True"
"am_8261_expenses","Direct material costs","208261","account.data_account_type_expenses","l10n_armenia.l10nam_chart_template","True"
"am_8262_expenses","Direct expenses for payment of work","208262","account.data_account_type_expenses","l10n_armenia.l10nam_chart_template","True"
"am_8263_expenses","Direct expenses for social security contributions","208263","account.data_account_type_expenses","l10n_armenia.l10nam_chart_template","True"
"am_8264_expenses","Other direct expenses","208264","account.data_account_type_expenses","l10n_armenia.l10nam_chart_template","True"
"am_8265_expenses","Indirect costs","208265","account.data_account_type_expenses","l10n_armenia.l10nam_chart_template","True"
"am_9111_off_balance_sheet","Fixed assets assumed under operating leases","209111","account.data_account_off_sheet","l10n_armenia.l10nam_chart_template","False"
"am_9121_off_balance_sheet","Accepted Material Values of Responsible Conservation","209121","account.data_account_off_sheet","l10n_armenia.l10nam_chart_template","False"
"am_9131_off_balance_sheet","Materials accepted for recycling","209131","account.data_account_off_sheet","l10n_armenia.l10nam_chart_template","False"
"am_9141_off_balance_sheet","Accepted deployment equipment","209141","account.data_account_off_sheet","l10n_armenia.l10nam_chart_template","False"
"am_9151_off_balance_sheet","Goods accepted under commission and consignment contracts","209151","account.data_account_off_sheet","l10n_armenia.l10nam_chart_template","False"
"am_9161_off_balance_sheet","Assets held as collateral","209161","account.data_account_off_sheet","l10n_armenia.l10nam_chart_template","False"
"am_9211_off_balance_sheet","Funds managed under a trust management agreement","209211","account.data_account_off_sheet","l10n_armenia.l10nam_chart_template","False"
"am_9212_off_balance_sheet","Securities managed under a trust management agreement","209212","account.data_account_off_sheet","l10n_armenia.l10nam_chart_template","False"
"am_9221_off_balance_sheet","Funds for investment in securities under commission and consignment agreements","209221","account.data_account_off_sheet","l10n_armenia.l10nam_chart_template","False"
"am_9222_off_balance_sheet","Securities received under commission and consignment agreements","209222","account.data_account_off_sheet","l10n_armenia.l10nam_chart_template","False"
"am_9223_off_balance_sheet","Securities purchased under commission and consignment agreements","209223","account.data_account_off_sheet","l10n_armenia.l10nam_chart_template","False"
"am_9224_off_balance_sheet","Cash from sale of securities accepted (acquired) under commission and consignment agreements","209224","account.data_account_off_sheet","l10n_armenia.l10nam_chart_template","False"
"am_9231_off_balance_sheet","Accounts receivable for sales of securities","209231","account.data_account_off_sheet","l10n_armenia.l10nam_chart_template","False"
"am_9232_off_balance_sheet","Accounts receivable for accrued interest","209232","account.data_account_off_sheet","l10n_armenia.l10nam_chart_template","False"
"am_9233_off_balance_sheet","Receivables for dividends declared","209233","account.data_account_off_sheet","l10n_armenia.l10nam_chart_template","False"
"am_9234_off_balance_sheet","Loans provided","209234","account.data_account_off_sheet","l10n_armenia.l10nam_chart_template","False"
"am_9241_off_balance_sheet","Obligations for funds received under a trust management agreement","209241","account.data_account_off_sheet","l10n_armenia.l10nam_chart_template","False"
"am_9242_off_balance_sheet","Obligations for funds received under commission and consignment agreements","209242","account.data_account_off_sheet","l10n_armenia.l10nam_chart_template","False"
"am_9251_off_balance_sheet","Founder's financial result","209251","account.data_account_off_sheet","l10n_armenia.l10nam_chart_template","False"
"am_9252_off_balance_sheet","Client's financial result","209252","account.data_account_off_sheet","l10n_armenia.l10nam_chart_template","False"
"am_9261_off_balance_sheet","Accounts payable arising from fiduciary management and brokerage activities","209261","account.data_account_off_sheet","l10n_armenia.l10nam_chart_template","False"
"am_9262_off_balance_sheet","Loans received","209262","account.data_account_off_sheet","l10n_armenia.l10nam_chart_template","False"
"am_9311_off_balance_sheet","Contingent liabilities","209311","account.data_account_off_sheet","l10n_armenia.l10nam_chart_template","False"
"am_9321_off_balance_sheet","Contingent assets","209321","account.data_account_off_sheet","l10n_armenia.l10nam_chart_template","False"
"am_9411_off_balance_sheet","Accounts receivable written off for tax purposes","209411","account.data_account_off_sheet","l10n_armenia.l10nam_chart_template","False"
"am_9421_off_balance_sheet","Accounts payable written off for tax purposes","209421","account.data_account_off_sheet","l10n_armenia.l10nam_chart_template","False"
"am_9431_off_balance_sheet","Unreimbursed tax loss","209431","account.data_account_off_sheet","l10n_armenia.l10nam_chart_template","False"
"am_9441_off_balance_sheet","Pledged Assets","209441","account.data_account_off_sheet","l10n_armenia.l10nam_chart_template","False"
"am_9451_off_balance_sheet","Strict accounting forms","209451","account.data_account_off_sheet","l10n_armenia.l10nam_chart_template","False"
"am_9461_off_balance_sheet","Periodical and professional literature","209461","account.data_account_off_sheet","l10n_armenia.l10nam_chart_template","False"
"am_9471_off_balance_sheet","Fixed assets in operation and perishable items","209471","account.data_account_off_sheet","l10n_armenia.l10nam_chart_template","False"
